domain,post_url
buy2.co.il,http://plaintextoffenders.com/post/4412494407/buy2coil-group-deals-website-editors-note
hover.com,http://plaintextoffenders.com/post/4600479259/hovercom-domain-registrar-i-regret-trusting
hover.com,http://plaintextoffenders.com/post/4576183117/hovercom
tadalist.com,http://plaintextoffenders.com/post/4899560116/tadalistcom-a-free-service-offered-by-37signals
pingdom.com,http://plaintextoffenders.com/post/4733753892/pingdomcom-website-monitoring-edit-august
newegg.com,http://plaintextoffenders.com/post/5893155860/neweggcom-online-shop-i-wanted-newegg-to-reset
discover.com,http://plaintextoffenders.com/post/4987292419/discovercom-shame-on-you-discover-card-editors
smashingmagazine.com,http://plaintextoffenders.com/post/6032496321/smashingmagazinecom-got-this-shortly-after
doodle.com,http://plaintextoffenders.com/post/7002322169/doodlecom-online-scheduling-service-you-can
dixons.co.uk,http://plaintextoffenders.com/post/8031836701/dixonscouk-dixons-the-online-uk-retailer-send
spareroom.co.uk,http://plaintextoffenders.com/post/7531550378/spareroomcouk-apartment-house-sharing
netacadadvantage.com,http://plaintextoffenders.com/post/8156341904/netacadadvantagecom-cisco-networking-academy
voyage-prive.co.uk,http://plaintextoffenders.com/post/7959209554/voyage-privecouk-travel-deals-they-have-a-uk
eff.org,http://plaintextoffenders.com/post/8863219822/efforg-electronic-frontier-foundation-internet
match.com,http://plaintextoffenders.com/post/9744438766/matchcom-dating-site-very-soon-after-i-got-this
dixons.co.uk,http://plaintextoffenders.com/post/11428211190/dixonscouk-dixons-a-uk-electrical-goods
dotnetnuke.com,http://plaintextoffenders.com/post/12105938479/dotnetnukecom-the-dotnetnuke-forum-at
hrsmart.com,http://plaintextoffenders.com/post/13394561386/hrsmartcom-human-resources-and-appraisal
informit.com,http://plaintextoffenders.com/post/22893239920/informitcom-software-education-editors-note
axis.com,http://plaintextoffenders.com/post/31781714571/axiscom-ip-based-video-for-security-surveillance
drugstore.com,http://plaintextoffenders.com/post/31333158033/drugstorecom-online-drugstore-i-forgot-my
bedbath.com,http://plaintextoffenders.com/post/33639451820/bedbathandbeyondcom-bedbathcom-home-supplies
bedbathandbeyond.com,http://plaintextoffenders.com/post/33639451820/bedbathandbeyondcom-bedbathcom-home-supplies
foxtel.com.au,http://plaintextoffenders.com/post/34898899673/foxtelcomau-pay-tv-provider-just-request-your
namecheap.com,http://plaintextoffenders.com/post/39285063264/namecheapcom-domain-name-registrar-they-sent
redletterdays.co.uk,http://plaintextoffenders.com/post/40679986332/redletterdayscouk-gift-experiences-according
business.iorder.com.au,http://plaintextoffenders.com/post/40405878538/businessiordercomau-australian-taxation-office
host1free.com,http://plaintextoffenders.com/post/41008970387/host1freecom-host1pluscom-vps-hosting-service
host1plus.com,http://plaintextoffenders.com/post/41008970387/host1freecom-host1pluscom-vps-hosting-service
nerokwik.com,http://plaintextoffenders.com/post/47706855060/nerokwikcom-social-picture-sharing-will-have
tmsmonster.com,http://plaintextoffenders.com/post/47846676450/hrdepartmentcom-tmsmonstercom-talent
proctoru.com,http://plaintextoffenders.com/post/47667669301/proctorucom-online-test-proctoring-editors
hrdepartment.com,http://plaintextoffenders.com/post/47846676450/hrdepartmentcom-tmsmonstercom-talent
mcprohosting.com,http://plaintextoffenders.com/post/55755875584/mcprohostingcom-private-game-server-hosts-i
nationaltrust.org.uk,http://plaintextoffenders.com/post/57131155345/gbiacom-nationaltrustorguk-wi-fi-service
fatwallet.com,http://plaintextoffenders.com/post/64466628359/fatwalletcom-comparison-shopping-they-inserted
escapade.co.uk,http://plaintextoffenders.com/post/70883578077/escapadecouk-fancy-dress-costumes-although-the
creditkarma.com,http://plaintextoffenders.com/post/78737742921/creditkarmacom-credit-and-financial-management
amalthea-reu.org,http://plaintextoffenders.com/post/79359034769/amalthea-reuorg-college-research-organization
ghost.org,http://plaintextoffenders.com/post/82078879478/ghostio-ghostorg-hosted-blogging-services
ghost.io,http://plaintextoffenders.com/post/82078879478/ghostio-ghostorg-hosted-blogging-services
panthur.com.au,http://plaintextoffenders.com/post/91141776071/panthurcomau-web-hosting-and-domains-plain
pixelletter.de,http://plaintextoffenders.com/post/92709816899/pixelletterde-email-to-mail-gateway-the-email
carmella.co.il,http://plaintextoffenders.com/post/94622511663/carmellacoil-fruit-and-vegetable-delivery
heise.de,http://plaintextoffenders.com/post/94073777834/heisede-it-news-sends-your-new-password-in
connect24-7.com,http://plaintextoffenders.com/post/97433621392/connect24-7com-point-of-sale-systems-editors
magnatune.com,http://plaintextoffenders.com/post/98708807410/magnatunecom-record-label-this-is-the-email
slickwraps.com,http://plaintextoffenders.com/post/99233222460/slickwrapscom-mobile-phone-accessories-they
dubarry.com,http://plaintextoffenders.com/post/99896202283/dubarrycom-dubarryse
dubarry.se,http://plaintextoffenders.com/post/99896202283/dubarrycom-dubarryse
dubarryfrance.fr,http://plaintextoffenders.com/post/99896202283/dubarrycom-dubarryse
dubarrycanada.ca,http://plaintextoffenders.com/post/99896202283/dubarrycom-dubarryse
dubarry.it,http://plaintextoffenders.com/post/99896202283/dubarrycom-dubarryse
connectyourcare.com,http://plaintextoffenders.com/post/99739218203/connectyourcarecom-consumer-directed-healthcare
dubarry.us,http://plaintextoffenders.com/post/99896202283/dubarrycom-dubarryse
dubarryboots.de,http://plaintextoffenders.com/post/99896202283/dubarrycom-dubarryse
nhl.com,http://plaintextoffenders.com/post/100965688284/nhlcom-sports-league-they-store-everything-in
tigerdile.com,http://plaintextoffenders.com/post/102097842934/tigerdilecom-streaming-for-artists-got-the-mail
sportsubs.com.au,http://plaintextoffenders.com/post/102534896533/sportsubscomau-sports-club-membership
z2systems.com,http://plaintextoffenders.com/post/103557412719/convergence-conorg-z2systemscom-conference
cosmeticsnow.com,http://plaintextoffenders.com/post/102334303960/cosmeticsnowcom-cosmeticsnowcomau-cosmetics
convergence-con.org,http://plaintextoffenders.com/post/103557412719/convergence-conorg-z2systemscom-conference
cosmeticsnow.com.au,http://plaintextoffenders.com/post/102334303960/cosmeticsnowcom-cosmeticsnowcomau-cosmetics
flashbeing.com,http://plaintextoffenders.com/post/103859289588/flashbeingcom-social-network-just-registered
megarbl.net,http://plaintextoffenders.com/post/108165628182/megarblnet-spam-blacklist-editors-note
scichart.com,http://plaintextoffenders.com/post/109371857612/scichartcom-software-components-emailed-me-my
webhost.uk.net,http://plaintextoffenders.com/post/112203234608/webhostuknet-web-hosting-they-were-kind-enough
talent-sport.co.uk,http://plaintextoffenders.com/post/111352284450/tigerscouk
leicestertigers.com,http://plaintextoffenders.com/post/111352284450/tigerscouk
tigers.co.uk,http://plaintextoffenders.com/post/111352284450/tigerscouk
itensityonline.com,http://plaintextoffenders.com/post/113493436056/itensityonlinecom-fitness-software-included-in
mansteri.com,http://plaintextoffenders.com/post/117331642385/manstericom-artist-site-and-electronics-store
aquiss.net,http://plaintextoffenders.com/post/119102764704/aquissnet-telecommunications-editors-note
pfjones.co.uk,http://plaintextoffenders.com/post/120588669251/pfjonescouk-car-parts-and-accessories-not
gpio.com.au,http://plaintextoffenders.com/post/121268071539/gpiocomau-home-automation-and-diy-editors-note
chesskid.com,http://plaintextoffenders.com/post/121732560418/chesskidcom-online-chess-it-mails-a-plain-text
entertainmentbook.com.au,http://plaintextoffenders.com/post/125847120109/entertainmentbookcomau-entertainment-vouchers
acs.org.au,http://plaintextoffenders.com/post/125676950551/acsorgau-professional-society-surely-they
airlinesim.aero,http://plaintextoffenders.com/post/127316813712/airlinesimaero-simulation-game
bidslammer.com,http://plaintextoffenders.com/post/126392061248/bidslammercom-automatic-bidder-editors-note
c9.io,http://plaintextoffenders.com/post/128889534226/c9io-software-development-tools-hope-the-code
helptobuysouth.co.uk,http://plaintextoffenders.com/post/129781425977/helptobuysouthcouk-property-search-sends-copy
hockeyshare.com,http://plaintextoffenders.com/post/130122604562/hockeysharecom-hockey-team-management-resources
lithiumhosting.com,http://plaintextoffenders.com/post/130376488803/lithiumhostingcom-web-hosting-was-on-my-way-to
fluctishosting.com,http://plaintextoffenders.com/post/131686851897/fluctishostingcom-online-game-servers-signed-up
barleyhaven.com,http://plaintextoffenders.com/post/131491309590/barleyhavencom-beer-brewing-supplies-editors
rocketweb.com,http://plaintextoffenders.com/post/131801095293/rocketwebcom-software-extensions-editors-note
titanbookstore.com,http://plaintextoffenders.com/post/132215620251/fullertonedu-titanbookstorecom-university
fullerton.edu,http://plaintextoffenders.com/post/132215620251/fullertonedu-titanbookstorecom-university
videoeta.com,http://plaintextoffenders.com/post/132573564585/videoetacom-movie-release-dates-reason-for
quickship.com,http://plaintextoffenders.com/post/132443827893/quikshiptonercom-quickshipcom-shipping-this-is
quikshiptoner.com,http://plaintextoffenders.com/post/132443827893/quikshiptonercom-quickshipcom-shipping-this-is
directtextbook.com,http://plaintextoffenders.com/post/132416277328/directtextbookcom-book-reseller-found-this-site
rarenoiserecords.com,http://plaintextoffenders.com/post/134530955904/rarenoiserecordscom-record-label-username-and
escapade-kostueme.com,http://plaintextoffenders.com/post/134659316950/escapadecouk-escapade-kostuemecom
escapade-carnevale.it,http://plaintextoffenders.com/post/134659316950/escapadecouk-escapade-kostuemecom
escapade.co.uk,http://plaintextoffenders.com/post/134659316950/escapadecouk-escapade-kostuemecom
agabag.com,http://plaintextoffenders.com/post/145045192049/agabagcom-online-bag-retailer
spacex.com,http://plaintextoffenders.com/post/172329778908/spacexcom-spacex-store-ive-emailed-the-support
dnncorp.com,http://plaintextoffenders.com/post/142347602016/dnnsoftwarecom-dnncorpcom-ecommerce-software
dnnsoftware.com,http://plaintextoffenders.com/post/142347602016/dnnsoftwarecom-dnncorpcom-ecommerce-software
globalpenfriends.com,http://plaintextoffenders.com/post/171859943268/globalpenfriendscom-pen-pals-social-site-signed
helpy.io,http://plaintextoffenders.com/post/136790402766/helpyio-customer-support-software-was-sent-an
xikixi.com,http://plaintextoffenders.com/post/172343744740/xikixicom-retailer-on-the-bright-side-their
myprotein.com,http://plaintextoffenders.com/post/7453308360/myproteincom-sports-nutrition
glossybox.com,http://plaintextoffenders.com/post/124562296093/glossyboxcom-subscription-box
probikekit.com,http://plaintextoffenders.com/post/16572529300/probikekitcom-online-retail-shop-cycling
marcaria.com,http://plaintextoffenders.com/post/109854481922/marcariacom-marcariacouk-marcariaeu-domain
marcaria.co.uk,http://plaintextoffenders.com/post/109854481922/marcariacom-marcariacouk-marcariaeu-domain
marcaria.eu,http://plaintextoffenders.com/post/109854481922/marcariacom-marcariacouk-marcariaeu-domain
resellerspanel.com,http://plaintextoffenders.com/post/7416981985/resellerspanelcom-web-hosting-reseller
mythicsoft.com,http://plaintextoffenders.com/post/173416068411/mythicsoftcom-file-searching-services
swizznet.com,http://plaintextoffenders.com/post/174322994063/swizznetcom-hosted-accounting-solutions-swizznet
nremt.org,http://plaintextoffenders.com/post/106141453341/nremtorg-emt-registry-youre-required-to-deal
crazydomains.com.au,http://plaintextoffenders.com/post/33956653806/crazydomainscomau-domain-registrar
crazydomains.co.uk,http://plaintextoffenders.com/post/174049859139/crazydomainscouk-domain-registrar-web-hosting
wihatools.com,http://plaintextoffenders.com/post/138917633148/wihatoolscom-tools
